has_iframe,dom_similarity,has_dark_pattern,num_login_forms,has_invisible_input,has_brand_logo,has_keyboard_traps,page_text_similarity,has_suspicious_js,domain_whitelisted,accesses_window_top,label
1.0,0.9767188288931128,1.0,2.0,1.0,1.0,1.0,0.9401930913609242,1.0,0.0,1.0,2
1.0,0.9632621893133948,1.0,2.0,1.0,1.0,1.0,0.9932028105510018,1.0,0.0,1.0,2
0.0,0.8725001786677629,0.0,1.0,1.0,1.0,1.0,0.8142192246670843,0.0,0.0,1.0,1
0.1829989973347862,0.7916182191076575,0.0,0.0,0.0,1.0,0.0,0.6173181822719722,0.0,1.0,0.0,0
1.0,0.9091486837397756,1.0,2.0,1.0,1.0,1.0,0.987746086263038,1.0,0.0,1.0,2
1.0,0.9883785884963424,1.0,2.0,1.0,1.0,1.0,0.9927752283195213,1.0,0.0,1.0,2
1.0,0.6192089151262662,0.0,1.0,1.0,0.0,1.0,0.7933639951877467,1.0,0.0,1.0,1
1.0,0.6948351748802954,0.0,1.0,1.0,0.0,0.0,0.882159548140615,0.0,1.0,0.0,1
0.2921266556524377,0.5814699691506064,0.0,1.0,0.0,0.0,0.0,0.6855158027999262,0.0,1.0,0.0,0
0.0,0.8968448334134091,1.0,1.0,0.0,0.0,1.0,0.792877669084276,1.0,1.0,0.0,1
1.0,0.9655241980639022,1.0,2.0,1.0,1.0,1.0,0.955085737060914,1.0,0.0,1.0,2
0.2532639422178934,0.8255058921837911,0.0,1.0,0.0,1.0,0.0,0.5626756152846081,0.0,0.0,0.0,0
1.0,0.9613411389210708,1.0,2.0,1.0,1.0,1.0,0.9167033946092076,1.0,0.0,1.0,2
0.235602195334183,0.73414588914998,0.0,1.0,0.0,0.0,0.0,0.6116848299685229,0.0,0.0,0.0,0
0.0,0.7741127128929617,1.0,1.0,0.0,0.0,1.0,0.6420055615981347,0.0,0.0,0.0,1
1.0,0.960773679487886,1.0,2.0,1.0,1.0,1.0,0.9512688511016508,1.0,0.0,1.0,2
1.0,0.9983977647959827,1.0,2.0,1.0,1.0,1.0,0.9409334006315044,1.0,0.0,1.0,2
1.0,0.9042093189636362,1.0,2.0,1.0,1.0,1.0,0.9017873934733414,1.0,0.0,1.0,2
0.0,0.8498238591993641,1.0,1.0,0.0,0.0,1.0,0.7619343185743899,0.0,0.0,0.0,1
1.0,0.6744382745194292,0.0,1.0,0.0,0.0,1.0,0.7376966964051039,1.0,1.0,1.0,1
0.2569469523564966,0.7305427710666308,0.0,1.0,0.0,1.0,0.0,0.5211706242201289,0.0,0.0,0.0,0
1.0,0.6263756711233618,1.0,1.0,0.0,0.0,0.0,0.8249732248409916,0.0,0.0,0.0,1
1.0,0.9850581729094242,1.0,2.0,1.0,1.0,1.0,0.9867294200959802,1.0,0.0,1.0,2
1.0,0.9708362976715036,1.0,2.0,1.0,1.0,1.0,0.9837013328363672,1.0,0.0,1.0,2
1.0,0.9236251655782586,1.0,1.0,0.0,1.0,0.0,0.8086233369319943,0.0,1.0,0.0,1
0.0725556872701355,0.5325859687320648,0.0,1.0,0.0,0.0,0.0,0.7701254171489992,0.0,0.0,0.0,0
1.0,0.916362382119167,1.0,2.0,1.0,1.0,1.0,0.979480954874993,1.0,0.0,1.0,2
1.0,0.986862316795561,1.0,2.0,1.0,1.0,1.0,0.977659685279174,1.0,0.0,1.0,2
1.0,0.6352781110555602,0.0,1.0,0.0,1.0,1.0,0.7778888715776464,1.0,1.0,1.0,1
1.0,0.9086986759911412,1.0,2.0,1.0,1.0,1.0,0.94084532130707,1.0,0.0,1.0,2
0.1817879924343034,0.8242053074796721,0.0,1.0,0.0,0.0,0.0,0.7744879026631343,0.0,0.0,0.0,0
0.0,0.6579296610997908,0.0,1.0,1.0,0.0,0.0,0.8341487122638263,0.0,1.0,1.0,1
0.0099152198701645,0.620774936809339,0.0,0.0,0.0,0.0,0.0,0.7042116354664301,0.0,0.0,0.0,0
0.0686394496474867,0.5269429684400776,0.0,0.0,0.0,0.0,0.0,0.5483663861762014,0.0,1.0,0.0,0
1.0,0.9786345014415552,1.0,2.0,1.0,1.0,1.0,0.908941100231226,1.0,0.0,1.0,2
1.0,0.8128307473396598,1.0,1.0,1.0,0.0,0.0,0.627300627315399,1.0,1.0,0.0,1
0.1351497755908629,0.5046427364059533,0.0,0.0,0.0,1.0,0.0,0.6689864653536618,0.0,1.0,0.0,0
0.2686569685488601,0.6362205875569571,0.0,1.0,0.0,0.0,0.0,0.7716145929257792,0.0,1.0,0.0,0
0.1990505307324167,0.5017715543461765,0.0,1.0,0.0,1.0,0.0,0.6646201368099759,0.0,1.0,0.0,0
0.0143148383074946,0.6981130236729267,0.0,0.0,0.0,0.0,0.0,0.5360493943416926,0.0,0.0,0.0,0
0.0638183685072686,0.8311680900085916,0.0,1.0,0.0,0.0,0.0,0.5340393806052344,0.0,0.0,0.0,0
0.0519605609730045,0.6518480772332905,0.0,0.0,0.0,1.0,0.0,0.684755029415665,0.0,0.0,0.0,0
1.0,0.9432334801042602,1.0,2.0,1.0,1.0,1.0,0.99436159201676,1.0,0.0,1.0,2
0.242808346643554,0.7835396881377132,0.0,0.0,0.0,1.0,0.0,0.7739721657669414,0.0,1.0,0.0,0
0.2660041161894143,0.5913127681695999,0.0,1.0,0.0,1.0,0.0,0.7800308924238449,0.0,1.0,0.0,0
0.131542236905426,0.7352091473533198,0.0,0.0,0.0,0.0,0.0,0.5465124850183233,0.0,1.0,0.0,0
1.0,0.9265600042588706,1.0,2.0,1.0,1.0,1.0,0.9129514921282804,1.0,0.0,1.0,2
1.0,0.9696020618053792,1.0,2.0,1.0,1.0,1.0,0.9153895906339856,1.0,0.0,1.0,2
0.0,0.8721607993073289,1.0,1.0,1.0,0.0,0.0,0.7130216909813822,1.0,0.0,0.0,1
1.0,0.9223817614822624,1.0,2.0,1.0,1.0,1.0,0.9536974422893414,1.0,0.0,1.0,2
1.0,0.8257689587192653,1.0,1.0,1.0,1.0,1.0,0.8701716903709158,1.0,0.0,0.0,1
1.0,0.6373447375397026,0.0,1.0,1.0,1.0,1.0,0.7225554878807751,0.0,1.0,0.0,1
1.0,0.9372688517012314,1.0,2.0,1.0,1.0,1.0,0.9259753783760326,1.0,0.0,1.0,2
0.0525990809668015,0.5060063856411126,0.0,1.0,0.0,1.0,0.0,0.7420738931152339,0.0,1.0,0.0,0
1.0,0.9761023990943,1.0,2.0,1.0,1.0,1.0,0.9626220321631416,1.0,0.0,1.0,2
1.0,0.9683295376606506,1.0,2.0,1.0,1.0,1.0,0.9445902706376748,1.0,0.0,1.0,2
0.1189954805862755,0.8121639180718718,0.0,1.0,0.0,0.0,0.0,0.6539978506077179,0.0,1.0,0.0,0
0.1895511636509397,0.6569559326924119,0.0,0.0,0.0,1.0,0.0,0.5985993636109748,0.0,0.0,0.0,0
1.0,0.8654373448809884,0.0,1.0,0.0,0.0,0.0,0.8172309987819416,1.0,1.0,1.0,1
0.1873062144401379,0.6034717900431998,0.0,0.0,0.0,1.0,0.0,0.636960371144873,0.0,1.0,0.0,0
1.0,0.9592939934841704,1.0,2.0,1.0,1.0,1.0,0.9580086207837812,1.0,0.0,1.0,2
0.2546009384774023,0.54781746600471,0.0,1.0,0.0,1.0,0.0,0.6658459930723724,0.0,1.0,0.0,0
0.1542703315240834,0.7073450991017148,0.0,0.0,0.0,0.0,0.0,0.6822634555704316,0.0,0.0,0.0,0
0.0,0.6316179362021628,0.0,1.0,1.0,0.0,0.0,0.8511236972109089,0.0,1.0,1.0,1
1.0,0.8818602385752667,1.0,1.0,1.0,1.0,1.0,0.8420550446887758,1.0,1.0,1.0,1
0.0969608796062265,0.6815767176101781,0.0,0.0,0.0,1.0,0.0,0.6090888807137882,0.0,0.0,0.0,0
0.0323674280979913,0.511000214990357,0.0,0.0,0.0,0.0,0.0,0.594306794322898,0.0,1.0,0.0,0
1.0,0.9335118854259142,1.0,2.0,1.0,1.0,1.0,0.9743508256291608,1.0,0.0,1.0,2
0.255341001455057,0.6109227018046972,0.0,1.0,0.0,1.0,0.0,0.6670403787375051,0.0,0.0,0.0,0
0.0,0.8525365013926669,1.0,1.0,0.0,1.0,1.0,0.7189948119156163,1.0,1.0,1.0,1
0.0,0.6909824519989919,0.0,1.0,1.0,0.0,0.0,0.6839290521506837,0.0,1.0,0.0,1
1.0,0.912976042013574,0.0,1.0,1.0,1.0,0.0,0.6964748294040087,1.0,0.0,0.0,1
1.0,0.9815833124990618,1.0,2.0,1.0,1.0,1.0,0.922444057183666,1.0,0.0,1.0,2
0.0,0.9161773344226088,1.0,1.0,0.0,0.0,1.0,0.615478741997613,1.0,0.0,1.0,1
1.0,0.865984393128155,1.0,1.0,1.0,1.0,0.0,0.6187024087533725,0.0,1.0,0.0,1
1.0,0.9693682225781488,1.0,2.0,1.0,1.0,1.0,0.922076961278876,1.0,0.0,1.0,2
0.0208083902625496,0.5352723004820993,0.0,1.0,0.0,0.0,0.0,0.5283328882267785,0.0,0.0,0.0,0
0.2443405447766807,0.5986491711706899,0.0,1.0,0.0,1.0,0.0,0.7090211496092452,0.0,0.0,0.0,0
0.0647463082490529,0.71801166653665,0.0,1.0,0.0,1.0,0.0,0.5155045163505824,0.0,1.0,0.0,0
1.0,0.9397594397962794,1.0,2.0,1.0,1.0,1.0,0.927421520234867,1.0,0.0,1.0,2
1.0,0.9214591537287552,1.0,1.0,0.0,0.0,1.0,0.8738248388637386,1.0,1.0,0.0,1
0.0,0.7889512229894928,0.0,1.0,0.0,1.0,1.0,0.8315645941794736,0.0,0.0,0.0,1
0.199776706985249,0.7069542256977045,0.0,1.0,0.0,0.0,0.0,0.6683730277543104,0.0,0.0,0.0,0
0.0,0.906011161699046,0.0,1.0,0.0,1.0,1.0,0.7805806186622881,0.0,0.0,0.0,1
0.2832754791375502,0.8035196267442513,0.0,1.0,0.0,0.0,0.0,0.7402847884047199,0.0,1.0,0.0,0
0.0,0.8541422954251467,1.0,1.0,1.0,0.0,0.0,0.6723254496988895,0.0,1.0,0.0,1
0.0,0.8746338923805084,1.0,1.0,1.0,0.0,0.0,0.8709453176029879,1.0,1.0,1.0,1
0.2864595841989582,0.7582639208435189,0.0,0.0,0.0,0.0,0.0,0.6835162238703056,0.0,0.0,0.0,0
0.0495800817189007,0.5054727423594179,0.0,0.0,0.0,1.0,0.0,0.6184644554526709,0.0,1.0,0.0,0
0.1987566853061945,0.6090988766312938,0.0,1.0,0.0,1.0,0.0,0.6640130838029839,0.0,1.0,0.0,0
1.0,0.8058923149394759,0.0,1.0,0.0,1.0,0.0,0.7419630354244,0.0,1.0,0.0,1
0.0,0.7418207303734959,1.0,1.0,1.0,1.0,1.0,0.8301584559325715,0.0,0.0,0.0,1
0.1548901044903586,0.613034765529436,0.0,0.0,0.0,1.0,0.0,0.5812496753786223,0.0,1.0,0.0,0
1.0,0.9779584473566754,1.0,2.0,1.0,1.0,1.0,0.935012525916673,1.0,0.0,1.0,2
0.1524596330222156,0.7435344823768086,0.0,0.0,0.0,1.0,0.0,0.5977876715605654,0.0,1.0,0.0,0
0.0016566351370807,0.7854114999591919,0.0,0.0,0.0,1.0,0.0,0.7187021504122962,0.0,0.0,0.0,0
0.0,0.7696724285026211,0.0,1.0,1.0,0.0,1.0,0.8096537559482713,0.0,0.0,0.0,1
0.0,0.8218154973020619,1.0,1.0,1.0,0.0,0.0,0.776492002738517,1.0,1.0,1.0,1
1.0,0.9749651831742924,1.0,2.0,1.0,1.0,1.0,0.9130086240130632,1.0,0.0,1.0,2
0.1234061715170035,0.7448292737685178,0.0,1.0,0.0,1.0,0.0,0.539823626672891,0.0,1.0,0.0,0
1.0,0.939624201890266,1.0,2.0,1.0,1.0,1.0,0.9758238475704092,1.0,0.0,1.0,2
0.2232127928997346,0.5878011845713315,0.0,1.0,0.0,0.0,0.0,0.5242618899851593,0.0,0.0,0.0,0
0.0761746241803034,0.5864066219935105,0.0,0.0,0.0,1.0,0.0,0.7136811769773326,0.0,0.0,0.0,0
1.0,0.8562646024606718,1.0,1.0,1.0,0.0,0.0,0.7482821550414814,1.0,0.0,0.0,1
1.0,0.9962992003858996,1.0,2.0,1.0,1.0,1.0,0.9341872166038686,1.0,0.0,1.0,2
1.0,0.9057842676563396,1.0,2.0,1.0,1.0,1.0,0.9969102630140813,1.0,0.0,1.0,2
1.0,0.8488333675928619,1.0,1.0,0.0,1.0,0.0,0.758952006954335,0.0,1.0,1.0,1
0.1869894380482673,0.6158143086984272,0.0,1.0,0.0,0.0,0.0,0.5932946965146987,0.0,1.0,0.0,0
0.0,0.8879043565690858,1.0,1.0,0.0,1.0,1.0,0.7494272260533017,1.0,0.0,0.0,1
0.1854654189948783,0.5353929366429766,0.0,0.0,0.0,1.0,0.0,0.710290739437736,0.0,1.0,0.0,0
0.0,0.6312215150492196,1.0,1.0,1.0,0.0,0.0,0.702878059283478,0.0,1.0,1.0,1
1.0,0.9634005703099612,1.0,2.0,1.0,1.0,1.0,0.9539985379715856,1.0,0.0,1.0,2
0.0532318631339168,0.7627151630743003,0.0,1.0,0.0,0.0,0.0,0.797151542600202,0.0,1.0,0.0,0
1.0,0.9797426021606928,1.0,2.0,1.0,1.0,1.0,0.9658451834658426,1.0,0.0,1.0,2
1.0,0.9824680965925148,1.0,2.0,1.0,1.0,1.0,0.9347809207902192,1.0,0.0,1.0,2
1.0,0.6077646597106056,1.0,1.0,1.0,1.0,1.0,0.8494114470187504,1.0,1.0,0.0,1
1.0,0.8897793105121221,0.0,1.0,1.0,1.0,1.0,0.8475398030078392,0.0,0.0,0.0,1
1.0,0.9651666825375884,1.0,2.0,1.0,1.0,1.0,0.936852634372376,1.0,0.0,1.0,2
0.0,0.7962370179012299,0.0,1.0,1.0,0.0,0.0,0.75907953979047,1.0,0.0,0.0,1
1.0,0.976827341386452,1.0,2.0,1.0,1.0,1.0,0.9417766782167334,1.0,0.0,1.0,2
0.1716877407512514,0.843116054300616,0.0,1.0,0.0,0.0,0.0,0.5917091057861545,0.0,1.0,0.0,0
0.0,0.8082671428951471,0.0,1.0,0.0,0.0,0.0,0.8662381447540509,1.0,0.0,1.0,1
1.0,0.7415335255421585,1.0,1.0,1.0,1.0,1.0,0.7061614129683749,1.0,0.0,0.0,1
0.0,0.8799237077259943,1.0,1.0,1.0,1.0,0.0,0.7874927961153158,0.0,1.0,1.0,1
0.0,0.8514600447927938,0.0,1.0,1.0,1.0,0.0,0.8515747676107874,0.0,1.0,1.0,1
1.0,0.9158605105293074,1.0,2.0,1.0,1.0,1.0,0.9880870759198928,1.0,0.0,1.0,2
0.0049763486783568,0.6792325704047484,0.0,0.0,0.0,1.0,0.0,0.693551837122835,0.0,1.0,0.0,0
0.0,0.7207789197378354,1.0,1.0,0.0,1.0,0.0,0.7646145927622225,0.0,0.0,1.0,1
0.0,0.8558582850103985,0.0,1.0,1.0,1.0,1.0,0.7265287979191537,0.0,1.0,0.0,1
1.0,0.9082381045615844,1.0,2.0,1.0,1.0,1.0,0.9680499302074712,1.0,0.0,1.0,2
0.0,0.6180724172560794,0.0,1.0,1.0,0.0,1.0,0.8991766604305182,1.0,1.0,1.0,1
1.0,0.89020747724728,0.0,1.0,0.0,0.0,1.0,0.6110465602907974,0.0,0.0,0.0,1
1.0,0.805608761481926,0.0,1.0,1.0,0.0,0.0,0.7582943190434357,1.0,1.0,0.0,1
1.0,0.938790817903938,1.0,1.0,1.0,0.0,0.0,0.7769867691412908,0.0,0.0,0.0,1
1.0,0.9488643190404666,1.0,2.0,1.0,1.0,1.0,0.9770407417807794,1.0,0.0,1.0,2
1.0,0.9345883056952956,1.0,2.0,1.0,1.0,1.0,0.9620915517767478,1.0,0.0,1.0,2
0.0,0.7979279215630408,1.0,1.0,0.0,0.0,0.0,0.8480396483427235,1.0,1.0,1.0,1
0.0,0.8186664448651378,0.0,1.0,1.0,0.0,1.0,0.7089177636585271,0.0,1.0,1.0,1
1.0,0.8729155711758108,0.0,1.0,1.0,1.0,1.0,0.8956101936725205,0.0,1.0,1.0,1
0.2124217733388136,0.5072045730035308,0.0,1.0,0.0,1.0,0.0,0.7497327922401266,0.0,1.0,0.0,0
0.0,0.6961561289590681,1.0,1.0,1.0,0.0,0.0,0.8270997396516686,1.0,1.0,0.0,1
0.0,0.648588670704707,0.0,1.0,0.0,0.0,0.0,0.7419498603155676,1.0,0.0,0.0,1
0.0,0.7208172507084464,1.0,1.0,1.0,0.0,1.0,0.8583204059924165,0.0,1.0,1.0,1
1.0,0.7578186565956365,0.0,1.0,1.0,1.0,0.0,0.7570806828045034,0.0,0.0,0.0,1
1.0,0.929630812045599,1.0,2.0,1.0,1.0,1.0,0.923360775104991,1.0,0.0,1.0,2
1.0,0.9616926918375742,1.0,2.0,1.0,1.0,1.0,0.9981186178027424,1.0,0.0,1.0,2
0.0,0.840724650983629,1.0,1.0,1.0,0.0,0.0,0.7131857895726218,0.0,1.0,1.0,1
0.0348217921520748,0.5161009247076135,0.0,0.0,0.0,1.0,0.0,0.7566381752033022,0.0,1.0,0.0,0
0.1454489914076949,0.7423526115115946,0.0,1.0,0.0,1.0,0.0,0.5732376566743322,0.0,0.0,0.0,0
0.1009662644666179,0.7295029223832598,0.0,0.0,0.0,1.0,0.0,0.704484100691837,0.0,1.0,0.0,0
1.0,0.9300963566946816,1.0,2.0,1.0,1.0,1.0,0.9708172088645282,1.0,0.0,1.0,2
1.0,0.6593879663634479,1.0,1.0,1.0,1.0,1.0,0.6688184237114849,1.0,1.0,0.0,1
1.0,0.9220486209070176,1.0,2.0,1.0,1.0,1.0,0.9186438262144254,1.0,0.0,1.0,2
1.0,0.8765296229934303,0.0,1.0,1.0,0.0,1.0,0.8313740005559214,0.0,1.0,0.0,1
1.0,0.9426181302235972,1.0,2.0,1.0,1.0,1.0,0.9451387024329676,1.0,0.0,1.0,2
1.0,0.9678016152559064,1.0,2.0,1.0,1.0,1.0,0.9565731963995792,1.0,0.0,1.0,2
1.0,0.923066981171776,1.0,2.0,1.0,1.0,1.0,0.9176528032005508,1.0,0.0,1.0,2
0.0909796544019668,0.6879788495188294,0.0,0.0,0.0,0.0,0.0,0.7483607011362766,0.0,1.0,0.0,0
1.0,0.800349715801713,1.0,1.0,0.0,1.0,0.0,0.7984965525241625,0.0,1.0,0.0,1
0.2809944455567121,0.5137152143364762,0.0,0.0,0.0,0.0,0.0,0.7902741654560743,0.0,1.0,0.0,0
1.0,0.9384326647159682,1.0,2.0,1.0,1.0,1.0,0.967964728269307,1.0,0.0,1.0,2
1.0,0.6270623729210755,1.0,1.0,1.0,0.0,1.0,0.8732058594767139,0.0,1.0,0.0,1
0.1793699936433255,0.8226559822580909,0.0,1.0,0.0,1.0,0.0,0.5587948587257435,0.0,0.0,0.0,0
0.1108963368184213,0.584755978397099,0.0,1.0,0.0,1.0,0.0,0.6410901903338115,0.0,1.0,0.0,0
0.2454044297767479,0.8012557041397201,0.0,0.0,0.0,1.0,0.0,0.6532241907732698,0.0,0.0,0.0,0
1.0,0.7589937902766848,0.0,1.0,0.0,1.0,1.0,0.6605191386990708,1.0,1.0,1.0,1
1.0,0.9654511214281136,1.0,2.0,1.0,1.0,1.0,0.927325952699821,1.0,0.0,1.0,2
1.0,0.9871843527745232,1.0,2.0,1.0,1.0,1.0,0.902924728303456,1.0,0.0,1.0,2
1.0,0.6953056491521048,0.0,1.0,1.0,1.0,1.0,0.8402249314458363,0.0,1.0,1.0,1
0.1303183096531286,0.6225274426931364,0.0,0.0,0.0,1.0,0.0,0.7006772178989299,0.0,0.0,0.0,0
0.1637747310494966,0.7470410193575431,0.0,0.0,0.0,1.0,0.0,0.7064090030525118,0.0,1.0,0.0,0
1.0,0.9238777145768302,1.0,2.0,1.0,1.0,1.0,0.9110474113131396,1.0,0.0,1.0,2
1.0,0.9267028270169422,1.0,2.0,1.0,1.0,1.0,0.987862998635516,1.0,0.0,1.0,2
0.0685650065391899,0.5612342244835776,0.0,1.0,0.0,0.0,0.0,0.6549907673813042,0.0,0.0,0.0,0
0.1133186658528884,0.6870146157356972,0.0,1.0,0.0,1.0,0.0,0.616885425865761,0.0,0.0,0.0,0
1.0,0.9480586577326648,1.0,2.0,1.0,1.0,1.0,0.9592407784659518,1.0,0.0,1.0,2
0.0,0.7707334302830582,1.0,1.0,0.0,1.0,1.0,0.8417594660223431,1.0,0.0,0.0,1
0.0559710176658107,0.8123956494714921,0.0,0.0,0.0,1.0,0.0,0.7422320465492188,0.0,1.0,0.0,0
1.0,0.9864358249839638,1.0,2.0,1.0,1.0,1.0,0.9473209906691558,1.0,0.0,1.0,2
1.0,0.6305515628563864,1.0,1.0,0.0,0.0,1.0,0.6961926576478543,0.0,0.0,1.0,1
1.0,0.98747016726842,1.0,2.0,1.0,1.0,1.0,0.9528937134027212,1.0,0.0,1.0,2
0.1123620356542087,0.8327500072434706,0.0,0.0,0.0,1.0,0.0,0.679597545259111,0.0,0.0,0.0,0
1.0,0.9687885722300812,1.0,2.0,1.0,1.0,1.0,0.9067837059105172,1.0,0.0,1.0,2
1.0,0.9045742033812512,1.0,2.0,1.0,1.0,1.0,0.9871536806152376,1.0,0.0,1.0,2
0.0,0.732295656542789,0.0,1.0,0.0,1.0,1.0,0.6990757587057296,1.0,0.0,0.0,1
1.0,0.9006385871716833,1.0,2.0,1.0,1.0,1.0,0.9287038133174912,1.0,0.0,1.0,2
1.0,0.9825816750564764,1.0,2.0,1.0,1.0,1.0,0.9128869867473446,1.0,0.0,1.0,2
1.0,0.9034478160040332,1.0,1.0,0.0,0.0,0.0,0.6761665692129912,0.0,0.0,0.0,1
0.2959918735503526,0.6309947785146421,0.0,0.0,0.0,1.0,0.0,0.7438398701772508,0.0,0.0,0.0,0
0.1900589132282684,0.6875211394261654,0.0,1.0,0.0,1.0,0.0,0.7505907486767714,0.0,1.0,0.0,0
0.001555458832196,0.7197630452320226,0.0,1.0,0.0,0.0,0.0,0.5212822750999783,0.0,1.0,0.0,0
0.0,0.7510348500977548,0.0,1.0,0.0,0.0,1.0,0.8081152822210016,1.0,0.0,0.0,1
1.0,0.986212761726545,1.0,2.0,1.0,1.0,1.0,0.9809516074724878,1.0,0.0,1.0,2
1.0,0.9997934110533336,1.0,2.0,1.0,1.0,1.0,0.935071181545171,1.0,0.0,1.0,2
1.0,0.9683258763659596,1.0,2.0,1.0,1.0,1.0,0.90761308594903,1.0,0.0,1.0,2
0.0093939877366675,0.7947996711082495,0.0,1.0,0.0,1.0,0.0,0.6185450708005443,0.0,1.0,0.0,0
1.0,0.9770921844644052,1.0,2.0,1.0,1.0,1.0,0.9844783228116888,1.0,0.0,1.0,2
1.0,0.910250972799068,1.0,2.0,1.0,1.0,1.0,0.9937228487236452,1.0,0.0,1.0,2
0.1068893514230924,0.8173899545410139,0.0,0.0,0.0,0.0,0.0,0.6943070361624087,0.0,0.0,0.0,0
1.0,0.9991168626136976,1.0,2.0,1.0,1.0,1.0,0.9231671701383444,1.0,0.0,1.0,2
0.1295835055926347,0.6019301990693147,0.0,0.0,0.0,0.0,0.0,0.5418481581956126,0.0,1.0,0.0,0
0.0,0.721594692878895,1.0,1.0,0.0,0.0,1.0,0.7024689631369635,0.0,0.0,0.0,1
0.0854521483132402,0.5129104315740864,0.0,0.0,0.0,1.0,0.0,0.6508037069686585,0.0,1.0,0.0,0
1.0,0.9479875620303908,1.0,2.0,1.0,1.0,1.0,0.962750546321837,1.0,0.0,1.0,2
0.0,0.6399935550194907,1.0,1.0,0.0,1.0,0.0,0.8768880695395455,0.0,1.0,0.0,1
1.0,0.9354622157640776,1.0,2.0,1.0,1.0,1.0,0.9287238991654082,1.0,0.0,1.0,2
1.0,0.995086356225041,1.0,2.0,1.0,1.0,1.0,0.91510578917809,1.0,0.0,1.0,2
1.0,0.921088464579936,0.0,1.0,1.0,1.0,0.0,0.7472246337776354,1.0,0.0,1.0,1
0.2387378008308303,0.8115018696361482,0.0,0.0,0.0,0.0,0.0,0.6126748857919833,0.0,1.0,0.0,0
1.0,0.774386694247129,1.0,1.0,0.0,0.0,0.0,0.6022603089402224,0.0,1.0,1.0,1
0.0,0.6295809526882387,0.0,1.0,0.0,1.0,0.0,0.7609771937961998,1.0,1.0,1.0,1
1.0,0.9894099203679134,1.0,2.0,1.0,1.0,1.0,0.9229954605891086,1.0,0.0,1.0,2
0.0913841307520112,0.5341852399022343,0.0,1.0,0.0,1.0,0.0,0.6320457481218804,0.0,0.0,0.0,0
0.2087922618281094,0.6431335305449944,0.0,1.0,0.0,1.0,0.0,0.5469311128013258,0.0,1.0,0.0,0
1.0,0.9761027902502027,1.0,2.0,1.0,1.0,1.0,0.9541266578676112,1.0,0.0,1.0,2
0.0859623756384853,0.7067916411991537,0.0,1.0,0.0,0.0,0.0,0.5112044566247643,0.0,1.0,0.0,0
0.2661259272795351,0.7729564410501684,0.0,1.0,0.0,1.0,0.0,0.5252419894985146,0.0,1.0,0.0,0
1.0,0.9273626666281666,1.0,2.0,1.0,1.0,1.0,0.9997124500157712,1.0,0.0,1.0,2
1.0,0.6795728440604955,0.0,1.0,0.0,1.0,1.0,0.7844850789457963,1.0,0.0,1.0,1
0.1023199053150775,0.5397157324342061,0.0,0.0,0.0,0.0,0.0,0.7632018060142943,0.0,0.0,0.0,0
0.0,0.8046681370822037,0.0,1.0,1.0,1.0,1.0,0.6540201817047896,1.0,1.0,0.0,1
1.0,0.9758263195929022,1.0,2.0,1.0,1.0,1.0,0.9024586916458802,1.0,0.0,1.0,2
1.0,0.9417580775784928,1.0,2.0,1.0,1.0,1.0,0.9879118307562164,1.0,0.0,1.0,2
0.0,0.6360206107604507,0.0,1.0,0.0,0.0,1.0,0.7371000657845035,1.0,1.0,0.0,1
0.2086548259278382,0.5487660090420565,0.0,0.0,0.0,0.0,0.0,0.6619523273905019,0.0,0.0,0.0,0
1.0,0.9631813527016668,1.0,2.0,1.0,1.0,1.0,0.925980358106416,1.0,0.0,1.0,2
0.0,0.921711793142446,1.0,1.0,1.0,1.0,1.0,0.765476361763221,0.0,0.0,1.0,1
0.1877819010304718,0.7871493953199438,0.0,1.0,0.0,1.0,0.0,0.5620053079630236,0.0,0.0,0.0,0
1.0,0.942135700227707,1.0,2.0,1.0,1.0,1.0,0.9737582301588892,1.0,0.0,1.0,2
1.0,0.9987722389736032,1.0,2.0,1.0,1.0,1.0,0.9427773133735864,1.0,0.0,1.0,2
0.2821569793468811,0.6391502073806328,0.0,0.0,0.0,1.0,0.0,0.7513130317721984,0.0,0.0,0.0,0
1.0,0.9723420113688586,1.0,2.0,1.0,1.0,1.0,0.9495875735078771,1.0,0.0,1.0,2
1.0,0.9213104704025084,1.0,2.0,1.0,1.0,1.0,0.9031134082884512,1.0,0.0,1.0,2
1.0,0.9832134177957742,1.0,2.0,1.0,1.0,1.0,0.9507467733760836,1.0,0.0,1.0,2
1.0,0.7493859698292025,1.0,1.0,1.0,1.0,0.0,0.7385828551726763,1.0,1.0,0.0,1
0.1070259980080767,0.5983270783905833,0.0,1.0,0.0,0.0,0.0,0.5422772674924288,0.0,0.0,0.0,0
0.1345272428958742,0.8480601119137872,0.0,1.0,0.0,0.0,0.0,0.5054226090846563,0.0,1.0,0.0,0
0.1483260914107744,0.5201455660058255,0.0,0.0,0.0,1.0,0.0,0.6324591504120132,0.0,0.0,0.0,0
1.0,0.9779845395151144,1.0,2.0,1.0,1.0,1.0,0.9106980638826958,1.0,0.0,1.0,2
1.0,0.9994907822646436,1.0,2.0,1.0,1.0,1.0,0.9173895249219488,1.0,0.0,1.0,2
1.0,0.9973488969177396,1.0,2.0,1.0,1.0,1.0,0.9968877855285692,1.0,0.0,1.0,2
1.0,0.9939067698512896,1.0,2.0,1.0,1.0,1.0,0.9798783235773664,1.0,0.0,1.0,2
1.0,0.8127630378279905,0.0,1.0,0.0,0.0,0.0,0.6616739425126912,0.0,0.0,1.0,1
0.0566121325024138,0.5976049734072637,0.0,0.0,0.0,1.0,0.0,0.7539983426714918,0.0,1.0,0.0,0
1.0,0.994473202229141,1.0,2.0,1.0,1.0,1.0,0.946740151124987,1.0,0.0,1.0,2
0.0,0.671750633518633,0.0,1.0,0.0,0.0,1.0,0.8164789652253832,1.0,1.0,0.0,1
0.0,0.6008187867190223,0.0,1.0,1.0,1.0,1.0,0.6309281238041234,0.0,1.0,0.0,1
1.0,0.9942731774135124,1.0,2.0,1.0,1.0,1.0,0.9649646648992368,1.0,0.0,1.0,2
1.0,0.9697471461669284,1.0,2.0,1.0,1.0,1.0,0.96801407717603,1.0,0.0,1.0,2
0.0002336297523042,0.8472740457519261,0.0,0.0,0.0,1.0,0.0,0.6834959481464843,0.0,0.0,0.0,0
0.0,0.6758831873052719,0.0,1.0,0.0,0.0,0.0,0.8090775167591444,0.0,1.0,0.0,1
0.0130811315263301,0.8480926787790694,0.0,1.0,0.0,0.0,0.0,0.5838681025390275,0.0,1.0,0.0,0
0.0,0.8270879941020516,1.0,1.0,0.0,1.0,0.0,0.8210467426184739,0.0,1.0,1.0,1
0.1337498258560773,0.534991220536301,0.0,0.0,0.0,1.0,0.0,0.6001125833417066,0.0,1.0,0.0,0
0.0,0.7390073413764289,1.0,1.0,0.0,0.0,0.0,0.6546851635427874,0.0,0.0,0.0,1
1.0,0.7527175410622946,1.0,1.0,1.0,0.0,1.0,0.7668015115927753,0.0,0.0,1.0,1
0.0924182375557167,0.6898890806942147,0.0,0.0,0.0,0.0,0.0,0.6908997854557686,0.0,1.0,0.0,0
0.1164509778619565,0.7251508764548236,0.0,0.0,0.0,0.0,0.0,0.6636850367947805,0.0,0.0,0.0,0
1.0,0.987367711418634,1.0,2.0,1.0,1.0,1.0,0.9984083469199296,1.0,0.0,1.0,2
0.1468358280832689,0.8449776589387102,0.0,1.0,0.0,0.0,0.0,0.7016406642217636,0.0,0.0,0.0,0
0.1064715571388161,0.8348803097942596,0.0,0.0,0.0,1.0,0.0,0.6447562848927928,0.0,1.0,0.0,0
0.0585728963394133,0.7528582403415269,0.0,0.0,0.0,1.0,0.0,0.5072947899294361,0.0,0.0,0.0,0
1.0,0.9081046215907648,1.0,2.0,1.0,1.0,1.0,0.9220183201949812,1.0,0.0,1.0,2
0.2883516073048047,0.795586847037353,0.0,0.0,0.0,1.0,0.0,0.661907639716724,0.0,1.0,0.0,0
0.2575238255529035,0.6501479095812563,0.0,0.0,0.0,0.0,0.0,0.7263628622254048,0.0,0.0,0.0,0
1.0,0.7872744016267805,1.0,1.0,0.0,0.0,0.0,0.6929810778805833,1.0,0.0,0.0,1
1.0,0.9968193427914722,1.0,2.0,1.0,1.0,1.0,0.918552551570312,1.0,0.0,1.0,2
0.0,0.7975604898829244,1.0,1.0,0.0,0.0,1.0,0.8698942191435037,1.0,1.0,0.0,1
1.0,0.9419727316926122,1.0,2.0,1.0,1.0,1.0,0.9638525947664086,1.0,0.0,1.0,2
1.0,0.9851206914048768,1.0,2.0,1.0,1.0,1.0,0.9495146527013976,1.0,0.0,1.0,2
0.1110476100766333,0.5054098157851036,0.0,1.0,0.0,0.0,0.0,0.6284552444951943,0.0,0.0,0.0,0
0.073196893013725,0.840553694163356,0.0,0.0,0.0,0.0,0.0,0.7676139665531341,0.0,0.0,0.0,0
0.0,0.6493786470721997,1.0,1.0,0.0,0.0,1.0,0.6260775044851048,1.0,0.0,0.0,1
0.0,0.7444777427123632,0.0,1.0,0.0,1.0,1.0,0.7379044538283394,0.0,0.0,1.0,1
1.0,0.9131244877682388,1.0,2.0,1.0,1.0,1.0,0.9032526179491251,1.0,0.0,1.0,2
0.0,0.7693142296763444,1.0,1.0,1.0,0.0,1.0,0.6486041633674754,1.0,0.0,0.0,1
1.0,0.7739541820874372,0.0,1.0,0.0,1.0,0.0,0.7003088433931446,0.0,0.0,0.0,1
0.297016155031279,0.5490294053327834,0.0,0.0,0.0,1.0,0.0,0.7632119215783867,0.0,0.0,0.0,0
0.0976199094477803,0.7612719917913084,0.0,1.0,0.0,1.0,0.0,0.7547670231482534,0.0,0.0,0.0,0
1.0,0.9888748079868978,1.0,2.0,1.0,1.0,1.0,0.9955651498229754,1.0,0.0,1.0,2
1.0,0.9618611378215184,1.0,2.0,1.0,1.0,1.0,0.975271663955764,1.0,0.0,1.0,2
0.0768204968283971,0.514151756338451,0.0,0.0,0.0,0.0,0.0,0.5332672462435494,0.0,1.0,0.0,0
0.0,0.6579321786285514,1.0,1.0,1.0,0.0,0.0,0.6996439237964817,1.0,0.0,0.0,1
1.0,0.9022123551528998,1.0,2.0,1.0,1.0,1.0,0.9323610219149542,1.0,0.0,1.0,2
0.0,0.9367345750174412,0.0,1.0,1.0,0.0,0.0,0.7563902002240708,1.0,1.0,1.0,1
1.0,0.9160759896048308,1.0,2.0,1.0,1.0,1.0,0.9817967024119062,1.0,0.0,1.0,2
0.0,0.7243768581364385,0.0,1.0,0.0,1.0,1.0,0.6199857337172451,1.0,0.0,0.0,1
0.0,0.8405079268911658,0.0,1.0,1.0,0.0,0.0,0.6091416458200782,1.0,1.0,1.0,1
0.0,0.7733982692413879,1.0,1.0,0.0,0.0,1.0,0.899307784777153,0.0,0.0,0.0,1
0.2723081119045639,0.7071610585874495,0.0,1.0,0.0,1.0,0.0,0.71245435867496,0.0,0.0,0.0,0
0.0383069188267396,0.5875057572256366,0.0,1.0,0.0,1.0,0.0,0.7601349821629166,0.0,1.0,0.0,0
1.0,0.9218253887865064,1.0,2.0,1.0,1.0,1.0,0.9949961183950226,1.0,0.0,1.0,2
1.0,0.7607713827811603,0.0,1.0,1.0,0.0,1.0,0.6198707933555597,0.0,1.0,1.0,1
1.0,0.9920847847815688,1.0,2.0,1.0,1.0,1.0,0.9616650314520738,1.0,0.0,1.0,2
0.0358782737814905,0.7496356755280482,0.0,0.0,0.0,0.0,0.0,0.6683831592708489,0.0,0.0,0.0,0
1.0,0.9343327094532176,0.0,1.0,1.0,0.0,1.0,0.7422711926101109,0.0,0.0,1.0,1
0.0719362077472209,0.5328556515284522,0.0,0.0,0.0,1.0,0.0,0.7803841992019129,0.0,0.0,0.0,0
0.0,0.9203390195841872,1.0,1.0,1.0,1.0,1.0,0.718356539582439,1.0,1.0,0.0,1
1.0,0.9067350601468772,1.0,2.0,1.0,1.0,1.0,0.9582170460176274,1.0,0.0,1.0,2
0.0,0.8383637994839181,1.0,1.0,1.0,0.0,0.0,0.7433144672640684,0.0,1.0,0.0,1
1.0,0.8,0.0,1.0,0.0,0.0,0.0,0.56,0.0,0.0,0.0,2
1.0,0.85,0.0,1.0,0.0,1.0,0.0,0.65,0.5,0.0,1.0,1
1.0,0.78,0.0,1.0,0.0,0.0,0.0,0.58,0.0,0.0,0.0,2
1.0,0.85,0.0,1.0,0.0,0.0,0.0,0.57,0.0,0.0,0.0,2
1.0,0.7,0.0,1.0,0.0,1.0,0.0,0.63,0.4,0.0,1.0,1
1.0,0.79,0.0,1.0,0.0,0.0,0.0,0.55,0.0,0.0,0.0,2
1.0,0.82,0.0,1.0,0.0,0.0,0.0,0.59,0.0,0.0,0.0,2
1.0,0.83,0.0,1.0,0.0,1.0,0.0,0.67,0.4,0.0,1.0,1
1.0,0.87,0.0,1.0,0.0,1.0,0.0,0.66,0.5,0.0,1.0,1
1.0,0.88,0.0,1.0,0.0,1.0,0.0,0.68,0.5,0.0,1.0,1
1.0,0.81,0.0,1.0,0.0,0.0,0.0,0.565,0.0,0.0,0.0,2
1.0,0.79,0.0,1.0,0.0,0.0,0.0,0.555,0.0,0.0,0.0,2
1.0,0.82,0.0,1.0,0.0,0.0,0.0,0.57,0.0,0.0,0.0,2
1.0,0.81,0.0,1.0,0.0,0.0,0.0,0.58,0.0,0.0,0.0,2
1.0,0.83,0.0,1.0,0.0,0.0,0.0,0.59,0.0,0.0,0.0,2
1.0,0.82,0.0,1.0,0.0,0.0,0.0,0.58,0.0,0.0,0.0,2
1.0,0.78,0.0,1.0,0.0,0.0,0.0,0.54,0.0,0.0,0.0,2
1.0,0.81,0.0,1.0,0.0,0.0,0.0,0.55,0.0,0.0,0.0,2
1.0,0.79,0.0,1.0,0.0,0.0,0.0,0.57,0.0,0.0,0.0,2
1.0,0.84,0.0,1.0,0.0,0.0,0.0,0.6,0.0,0.0,0.0,2
1.0,0.85,0.0,1.0,0.0,1.0,0.0,0.64,0.5,0.0,1.0,1
1.0,0.85,0.0,1.0,0.0,1.0,0.0,0.66,0.5,0.0,1.0,1
1.0,0.84,0.0,1.0,0.0,1.0,0.0,0.65,0.5,0.0,1.0,1
1.0,0.85,0.0,1.0,0.0,1.0,0.0,0.645,0.5,0.0,1.0,1
1.0,0.86,0.0,1.0,0.0,1.0,0.0,0.655,0.5,0.0,1.0,1
1.0,0.84,0.0,1.0,0.0,1.0,0.0,0.648,0.5,0.0,1.0,1
1.0,0.805,0.0,1.0,0.0,0.0,0.0,0.561,0.0,0.0,0.0,2
1.0,0.795,0.0,1.0,0.0,0.0,0.0,0.559,0.0,0.0,0.0,2
0.0,0.8,0.0,0.0,0.0,1.0,1.0,0.57,0.0,1.0,0.0,0
0.0,0.79,0.0,0.0,0.0,1.0,1.0,0.56,0.0,1.0,0.0,0
0.0,0.81,0.0,0.0,0.0,1.0,1.0,0.58,0.0,1.0,0.0,0
1.0,0.8,0.0,1.0,0.0,0.0,0.0,0.67,0.0,0.0,0.0,0
1.0,0.8,0.0,1.0,1.0,1.0,0.0,0.59,1.0,0.0,0.0,0
1.0,0.8,0.0,1.0,0.0,1.0,0.0,0.63,1.0,0.0,0.0,0
1.0,0.79,0.0,1.0,1.0,1.0,0.0,0.58,1.0,0.0,0.0,0
1.0,0.81,0.0,1.0,0.0,0.0,0.0,0.66,0.0,0.0,0.0,0
1.0,0.8,0.0,1.0,0.0,0.0,0.0,0.68,0.0,0.0,0.0,2
1.0,0.8,0.0,1.0,0.0,0.0,0.0,0.7,0.0,0.0,0.0,2
1.0,0.8,0.0,1.0,0.0,0.0,0.0,0.56,0.0,0.0,0.0,0
1.0,0.82,0.0,1.0,0.0,0.0,0.0,0.58,0.0,0.0,0.0,0
1.0,0.79,0.0,1.0,1.0,1.0,0.0,0.57,0.0,0.0,0.0,0
1.0,0.81,0.0,1.0,0.0,1.0,0.0,0.59,0.0,0.0,0.0,0
1.0,0.83,0.0,1.0,0.0,0.0,0.0,0.6,0.0,0.0,0.0,0
1.0,0.78,0.0,1.0,1.0,1.0,0.0,0.61,0.0,0.0,0.0,0
1.0,0.8,0.0,1.0,0.0,0.0,0.0,0.63,0.0,0.0,0.0,0
1.0,0.84,0.0,1.0,0.0,0.0,0.0,0.65,0.0,0.0,0.0,0
1.0,0.8,0.0,1.0,1.0,1.0,0.0,0.66,0.0,0.0,0.0,0
1.0,0.8,0.0,1.0,0.0,1.0,0.0,0.67,0.0,0.0,0.0,0
1.0,0.79,0.0,1.0,0.0,0.0,0.0,0.67,0.0,0.0,0.0,0
1.0,0.78,0.0,1.0,1.0,1.0,0.0,0.6,1.0,0.0,0.0,0
1.0,0.8,0.0,1.0,1.0,1.0,0.0,0.61,1.0,0.0,0.0,0
1.0,0.81,0.0,1.0,0.0,0.0,0.0,0.63,0.0,0.0,0.0,0
1.0,0.82,0.0,1.0,1.0,0.0,0.0,0.59,0.0,0.0,0.0,0
1.0,0.67,0.0,1.0,0.0,0.0,0.0,0.67,0.0,0.0,0.0,0
1.0,0.66,0.0,1.0,0.0,0.0,0.0,0.66,0.0,0.0,0.0,0
1.0,0.68,0.0,1.0,0.0,0.0,0.0,0.68,0.0,0.0,0.0,0
1.0,0.67,0.0,1.0,1.0,1.0,0.0,0.67,1.0,0.0,0.0,0
1.0,0.69,0.0,1.0,0.0,0.0,0.0,0.67,0.0,0.0,0.0,0
1.0,0.67,0.0,1.0,1.0,0.0,0.0,0.65,1.0,0.0,0.0,0
1.0,0.67,0.0,1.0,0.0,1.0,0.0,0.66,1.0,0.0,0.0,0
1.0,0.81,0.0,1.0,1.0,1.0,0.0,0.6,1.0,0.0,0.0,0
1.0,0.8,0.0,1.0,1.0,1.0,0.0,0.6,1.0,0.0,0.0,0
1.0,0.79,0.0,1.0,0.0,0.0,0.0,0.66,0.0,0.0,0.0,0
1.0,0.81,0.0,1.0,0.0,0.0,0.0,0.68,0.0,0.0,0.0,0
1.0,0.8,0.0,1.0,0.0,0.0,0.0,0.65,0.0,0.0,0.0,0
1.0,0.82,0.0,1.0,0.0,0.0,0.0,0.67,0.0,0.0,0.0,0
1.0,0.78,0.0,1.0,0.0,0.0,0.0,0.69,0.0,0.0,0.0,0
1.0,0.83,0.0,1.0,0.0,0.0,0.0,0.66,0.0,0.0,0.0,0
1.0,0.8,0.0,1.0,0.0,0.0,0.0,0.68,0.0,0.0,0.0,0
1.0,0.79,0.0,1.0,0.0,0.0,0.0,0.64,0.0,0.0,0.0,0
1.0,0.81,0.0,1.0,0.0,0.0,0.0,0.7,0.0,0.0,0.0,0
1.0,0.79,0.0,1.0,1.0,1.0,0.0,0.6,1.0,0.0,0.0,0
1.0,0.81,0.0,1.0,1.0,1.0,0.0,0.58,1.0,0.0,0.0,0
1.0,0.84,0.0,1.0,0.0,1.0,0.0,0.66,0.5,0.0,1.0,1
1.0,0.86,0.0,1.0,0.0,1.0,0.0,0.64,0.5,0.0,1.0,1
1.0,0.81,0.0,1.0,0.0,0.0,0.0,0.57,0.0,0.0,0.0,2
1.0,0.8,0.0,1.0,0.0,0.0,0.0,0.54,0.0,0.0,0.0,2
1.0,0.84,0.0,1.0,0.0,1.0,0.0,0.64,0.5,0.0,1.0,1
1.0,0.86,0.0,1.0,0.0,1.0,0.0,0.66,0.5,0.0,1.0,1
1.0,0.81,0.0,1.0,0.0,0.0,0.0,0.54,0.0,0.0,0.0,2
1.0,0.82,0.0,1.0,0.0,0.0,0.0,0.55,0.0,0.0,0.0,2
1.0,0.83,0.0,1.0,0.0,0.0,0.0,0.56,0.0,0.0,0.0,2
1.0,0.84,0.0,1.0,0.0,1.0,0.0,0.65,0.4,0.0,1.0,1
1.0,0.83,0.0,1.0,0.0,1.0,0.0,0.66,0.4,0.0,1.0,1
1.0,0.85,0.0,1.0,0.0,1.0,0.0,0.67,0.6,0.0,1.0,1
1.0,0.82,0.0,1.0,0.0,0.0,0.0,0.56,0.0,0.0,0.0,2
1.0,0.83,0.0,1.0,0.0,0.0,0.0,0.55,0.0,0.0,0.0,2
1.0,0.84,0.0,1.0,0.0,0.0,0.0,0.57,0.0,0.0,0.0,2
1.0,0.84,0.0,1.0,0.0,0.0,0.0,0.55,0.0,0.0,0.0,2
1.0,0.85,0.0,1.0,0.0,0.0,0.0,0.54,0.0,0.0,0.0,2
1.0,0.8,0.0,1.0,1.0,0.0,0.0,0.67,0.0,0.0,0.0,0
1.0,0.79,0.0,1.0,1.0,0.0,0.0,0.68,0.0,0.0,0.0,0
1.0,0.81,0.0,1.0,1.0,0.0,0.0,0.66,0.0,0.0,0.0,0
1.0,0.81,0.0,1.0,0.0,0.0,0.0,0.56,0.0,0.0,0.0,2
1.0,0.8,0.0,1.0,0.0,0.0,0.0,0.55,0.0,0.0,0.0,2
1.0,0.8,0.0,1.0,0.0,0.0,0.0,0.57,0.0,0.0,0.0,2
1.0,0.8,0.0,1.0,1.0,1.0,0.0,0.58,1.0,0.0,0.0,0
1.0,0.8,0.0,1.0,0.0,0.0,0.0,0.56,0.1,0.0,0.0,2
1.0,0.85,0.0,1.0,0.0,1.0,0.0,0.65,0.5,0.0,0.5,1
1.0,0.85,0.0,1.0,0.0,1.0,0.0,0.66,0.5,0.0,0.0,1
1.0,0.79,0.0,1.0,0.0,0.0,0.0,0.56,0.0,0.0,0.0,2
1.0,0.86,0.0,1.0,0.0,1.0,0.0,0.65,0.5,0.0,1.0,1
1.0,0.85,0.0,1.0,0.0,1.0,0.0,0.65,0.49,0.0,1.0,1